Solute;T;density;solute.M2;solute.Pc;solute.w
triolein;313.21;0.743413755;885.4321;4.7;-0.230996088
Ibuprofen;353.15;0.74561;206.29;22.8496011;0.851178927
benzoic acid;313.21;0.910396883;122.124;45.6;0.62
a-tocopherol;313.15;0.830000647;430.71;8.45543;0.8071
